run_identifier,model_family,model,balanced_accuracy,accuracy,macro_f1,weighted_f1,n_test,n_features,trained_feature_cols,source_folder,n_positive,n_negative,macro_precision,macro_recall,weighted_precision,weighted_recall,roc_auc,average_precision,precision_class_0,recall_class_0,f1_class_0,support_class_0,precision_class_1,recall_class_1,f1_class_1,support_class_1,source_csv
full_last_all,logreg,trial_level_log_reg,0.8616996693460539,0.8561872909698997,0.7867523059853796,0.8684902436745509,3887,68,mean_dwell_time__correct | mean_fixations_count__correct | mean_first_fixation_duration__correct | skip_rate__correct | area_dwell_proportion__correct | mean_avg_fix_pupil_size_z__correct | mean_max_fix_pupil_size_z__correct | mean_min_fix_pupil_size_z__correct | first_encounter_avg_pupil_size_z__correct | num_label_visits__correct | mean_dwell_time__wrong_mean | mean_fixations_count__wrong_mean | mean_first_fixation_duration__wrong_mean | skip_rate__wrong_mean | area_dwell_proportion__wrong_mean | mean_avg_fix_pupil_size_z__wrong_mean | mean_max_fix_pupil_size_z__wrong_mean | mean_min_fix_pupil_size_z__wrong_mean | first_encounter_avg_pupil_size_z__wrong_mean | num_label_visits__wrong_mean | mean_dwell_time__contrast | mean_fixations_count__contrast | mean_first_fixation_duration__contrast | skip_rate__contrast | area_dwell_proportion__contrast | mean_avg_fix_pupil_size_z__contrast | mean_max_fix_pupil_size_z__contrast | mean_min_fix_pupil_size_z__contrast | first_encounter_avg_pupil_size_z__contrast | num_label_visits__contrast | mean_dwell_time__distance_furthest | mean_fixations_count__distance_furthest | mean_first_fixation_duration__distance_furthest | skip_rate__distance_furthest | area_dwell_proportion__distance_furthest | mean_avg_fix_pupil_size_z__distance_furthest | mean_max_fix_pupil_size_z__distance_furthest | mean_min_fix_pupil_size_z__distance_furthest | first_encounter_avg_pupil_size_z__distance_furthest | num_label_visits__distance_furthest | mean_dwell_time__distance_closest | mean_fixations_count__distance_closest | mean_first_fixation_duration__distance_closest | skip_rate__distance_closest | area_dwell_proportion__distance_closest | mean_avg_fix_pupil_size_z__distance_closest | mean_max_fix_pupil_size_z__distance_closest | mean_min_fix_pupil_size_z__distance_closest | first_encounter_avg_pupil_size_z__distance_closest | num_label_visits__distance_closest | seq_len | has_xyx | has_xyxy | trial_mean_dwell | last_visited_answer_A | last_visited_answer_B | last_visited_answer_C | last_visited_answer_D | last_before_confirm_answer_A | last_before_confirm_answer_B | last_before_confirm_answer_C | last_before_confirm_answer_D | last_before_confirm_question | last_before_select_answer_A | last_before_select_answer_B | last_before_select_answer_C | last_before_select_answer_D | last_before_select_question,..\reports\report_data\answer_correctness\logreg\full_last_all\participant_id+TRIAL_INDEX,3249,638,0.7546253467439352,0.8616996693460539,0.8999284899625617,0.8561872909698997,0.9329289648804406,0.9835965681950716,0.5383123181377304,0.8699059561128527,0.6650689035350509,638,0.97093837535014,0.8534933825792551,0.9084357084357084,3249,..\reports\report_data\answer_correctness\logreg\full_last_all\participant_id+TRIAL_INDEX\model_summary.csv
second_selected_last_all,logreg,trial_level_log_reg,0.8596020863907003,0.8484692564960123,0.7789338135788711,0.8622168601186215,3887,18,area_dwell_proportion__correct | area_dwell_proportion__distance_closest | num_label_visits__correct | num_label_visits__distance_closest | last_visited_answer_A | last_visited_answer_B | last_visited_answer_C | last_visited_answer_D | last_before_confirm_answer_A | last_before_confirm_answer_B | last_before_confirm_answer_C | last_before_confirm_answer_D | last_before_confirm_question | last_before_select_answer_A | last_before_select_answer_B | last_before_select_answer_C | last_before_select_answer_D | last_before_select_question,..\reports\report_data\answer_correctness\logreg\second_selected_last_all\participant_id+TRIAL_INDEX,3249,638,0.7474422744072748,0.8596020863907003,0.8982607136489521,0.8484692564960123,0.919105082731026,0.9807443431128762,0.5229186155285314,0.8761755485893417,0.6549502050380785,638,0.9719659332860184,0.8430286241920592,0.9029174221196636,3249,..\reports\report_data\answer_correctness\logreg\second_selected_last_all\participant_id+TRIAL_INDEX\model_summary.csv
selected_last_all,logreg,trial_level_log_reg,0.8559486835110104,0.8507846668381785,0.7799827925826974,0.8638212024153782,3887,22,skip_rate__correct | area_dwell_proportion__correct | num_label_visits__correct | skip_rate__wrong_mean | area_dwell_proportion__wrong_mean | num_label_visits__wrong_mean | seq_len | has_xyx | last_visited_answer_A | last_visited_answer_B | last_visited_answer_C | last_visited_answer_D | last_before_confirm_answer_A | last_before_confirm_answer_B | last_before_confirm_answer_C | last_before_confirm_answer_D | last_before_confirm_question | last_before_select_answer_A | last_before_select_answer_B | last_before_select_answer_C | last_before_select_answer_D | last_before_select_question,..\reports\report_data\answer_correctness\logreg\selected_last_all\participant_id+TRIAL_INDEX,3249,638,0.74858815023254,0.8559486835110104,0.8969122774461711,0.8507846668381785,0.9318087745349184,0.9837184092716148,0.5277777777777778,0.8636363636363636,0.6551724137931034,638,0.9693985226873022,0.8482610033856571,0.9047931713722916,3249,..\reports\report_data\answer_correctness\logreg\selected_last_all\participant_id+TRIAL_INDEX\model_summary.csv
full_last_select_pruned_t08,logreg,trial_level_log_reg,0.8457917121352024,0.8338049909956264,0.7616163292399603,0.849734419863637,3887,37,mean_dwell_time__correct | mean_first_fixation_duration__correct | skip_rate__correct | area_dwell_proportion__correct | first_encounter_avg_pupil_size_z__correct | num_label_visits__correct | mean_fixations_count__wrong_mean | mean_first_fixation_duration__wrong_mean | mean_max_fix_pupil_size_z__wrong_mean | num_label_visits__wrong_mean | mean_fixations_count__contrast | mean_first_fixation_duration__contrast | skip_rate__contrast | mean_max_fix_pupil_size_z__contrast | first_encounter_avg_pupil_size_z__contrast | num_label_visits__contrast | mean_fixations_count__distance_furthest | mean_first_fixation_duration__distance_furthest | skip_rate__distance_furthest | area_dwell_proportion__distance_furthest | mean_avg_fix_pupil_size_z__distance_furthest | first_encounter_avg_pupil_size_z__distance_furthest | num_label_visits__distance_furthest | mean_fixations_count__distance_closest | mean_first_fixation_duration__distance_closest | skip_rate__distance_closest | area_dwell_proportion__distance_closest | mean_min_fix_pupil_size_z__distance_closest | first_encounter_avg_pupil_size_z__distance_closest | num_label_visits__distance_closest | has_xyx | has_xyxy | last_before_select_answer_A | last_before_select_answer_B | last_before_select_answer_C | last_before_select_answer_D | last_before_select_question,..\reports\report_data\answer_correctness\logreg\full_last_select_pruned_t08\participant_id+TRIAL_INDEX,3249,638,0.7325338121701104,0.8457917121352024,0.8911535169772025,0.8338049909956264,0.912175050726966,0.9783954642015176,0.4963963963963964,0.8636363636363636,0.6304347826086957,638,0.9686712279438244,0.8279470606340412,0.8927978758712247,3249,..\reports\report_data\answer_correctness\logreg\full_last_select_pruned_t08\participant_id+TRIAL_INDEX\model_summary.csv
full_last_select_pruned_t07,logreg,trial_level_log_reg,0.8456378186295084,0.8335477231798302,0.7613442180356766,0.8495216511186444,3887,27,skip_rate__correct | area_dwell_proportion__correct | first_encounter_avg_pupil_size_z__correct | mean_first_fixation_duration__wrong_mean | mean_max_fix_pupil_size_z__wrong_mean | num_label_visits__wrong_mean | mean_fixations_count__contrast | skip_rate__contrast | mean_max_fix_pupil_size_z__contrast | num_label_visits__contrast | mean_fixations_count__distance_furthest | skip_rate__distance_furthest | area_dwell_proportion__distance_furthest | mean_avg_fix_pupil_size_z__distance_furthest | first_encounter_avg_pupil_size_z__distance_furthest | num_label_visits__distance_furthest | skip_rate__distance_closest | mean_min_fix_pupil_size_z__distance_closest | first_encounter_avg_pupil_size_z__distance_closest | num_label_visits__distance_closest | has_xyx | has_xyxy | last_before_select_answer_A | last_before_select_answer_B | last_before_select_answer_C | last_before_select_answer_D | last_before_select_question,..\reports\report_data\answer_correctness\logreg\full_last_select_pruned_t07\participant_id+TRIAL_INDEX,3249,638,0.7323047686613042,0.8456378186295084,0.8910707471885543,0.8335477231798302,0.910995039708384,0.9783280845875816,0.495949594959496,0.8636363636363636,0.6300743281875357,638,0.9686599423631124,0.8276392736226531,0.8926141078838175,3249,..\reports\report_data\answer_correctness\logreg\full_last_select_pruned_t07\participant_id+TRIAL_INDEX\model_summary.csv
full_last_select_pruned_t08_aic,logreg,trial_level_log_reg,0.845190369643517,0.8317468484692565,0.7596381208699441,0.8480720747270624,3887,25,area_dwell_proportion__correct | num_label_visits__wrong_mean | last_before_select_answer_A | num_label_visits__correct | mean_first_fixation_duration__wrong_mean | num_label_visits__distance_furthest | num_label_visits__distance_closest | last_before_select_answer_D | skip_rate__contrast | has_xyx | mean_max_fix_pupil_size_z__wrong_mean | mean_first_fixation_duration__distance_closest | area_dwell_proportion__distance_furthest | area_dwell_proportion__distance_closest | mean_fixations_count__wrong_mean | first_encounter_avg_pupil_size_z__correct | last_before_select_answer_B | mean_avg_fix_pupil_size_z__distance_furthest | skip_rate__distance_closest | mean_first_fixation_duration__distance_furthest | mean_fixations_count__distance_furthest | mean_fixations_count__distance_closest | mean_dwell_time__correct | first_encounter_avg_pupil_size_z__distance_closest | mean_min_fix_pupil_size_z__distance_closest,..\reports\report_data\answer_correctness\logreg\full_last_select_pruned_t08_aic\participant_id+TRIAL_INDEX,3249,638,0.730888275078734,0.845190369643517,0.8907800389661985,0.8317468484692565,0.9123376278787494,0.9785757464544852,0.4928571428571429,0.8652037617554859,0.6279863481228669,638,0.9689194073003252,0.8251769775315482,0.8912898936170213,3249,..\reports\report_data\answer_correctness\logreg\full_last_select_pruned_t08_aic\participant_id+TRIAL_INDEX\model_summary.csv
full_last_select_pruned_t07_aic,logreg,trial_level_log_reg,0.8430073975016186,0.830203241574479,0.7576280345859661,0.8467177691637786,3887,20,area_dwell_proportion__correct | num_label_visits__wrong_mean | last_before_select_answer_A | num_label_visits__contrast | mean_first_fixation_duration__wrong_mean | num_label_visits__distance_furthest | num_label_visits__distance_closest | last_before_select_answer_D | skip_rate__contrast | has_xyx | mean_max_fix_pupil_size_z__wrong_mean | area_dwell_proportion__distance_furthest | skip_rate__distance_closest | last_before_select_answer_B | first_encounter_avg_pupil_size_z__correct | mean_fixations_count__distance_furthest | mean_fixations_count__contrast | mean_avg_fix_pupil_size_z__distance_furthest | first_encounter_avg_pupil_size_z__distance_closest | mean_min_fix_pupil_size_z__distance_closest,..\reports\report_data\answer_correctness\logreg\full_last_select_pruned_t07_aic\participant_id+TRIAL_INDEX,3249,638,0.7291848384923589,0.8430073975016186,0.8897198661535979,0.830203241574479,0.910901931725315,0.978313917248554,0.4901960784313725,0.8620689655172413,0.625,638,0.9681735985533454,0.8239458294859957,0.8902560691719321,3249,..\reports\report_data\answer_correctness\logreg\full_last_select_pruned_t07_aic\participant_id+TRIAL_INDEX\model_summary.csv
full_last_select_pruned_t06_aic,logreg,trial_level_log_reg,0.8408101938286292,0.8296887059428866,0.7565017551748703,0.846173800437794,3887,21,area_dwell_proportion__correct | num_label_visits__wrong_mean | last_before_select_answer_A | num_label_visits__contrast | mean_first_fixation_duration__wrong_mean | num_label_visits__distance_furthest | last_before_select_answer_D | skip_rate__distance_closest | area_dwell_proportion__distance_furthest | has_xyx | skip_rate__contrast | mean_max_fix_pupil_size_z__wrong_mean | last_before_select_answer_B | first_encounter_avg_pupil_size_z__correct | mean_avg_fix_pupil_size_z__distance_furthest | mean_fixations_count__distance_furthest | mean_fixations_count__contrast | mean_max_fix_pupil_size_z__contrast | first_encounter_avg_pupil_size_z__distance_closest | has_xyxy | mean_min_fix_pupil_size_z__distance_closest,..\reports\report_data\answer_correctness\logreg\full_last_select_pruned_t06_aic\participant_id+TRIAL_INDEX,3249,638,0.728201348820412,0.8408101938286292,0.8887001310413574,0.8296887059428866,0.9111334956210304,0.9785261957036208,0.4892665474060823,0.8573667711598746,0.623006833712984,638,0.9671361502347418,0.8242536164973838,0.8899966766367564,3249,..\reports\report_data\answer_correctness\logreg\full_last_select_pruned_t06_aic\participant_id+TRIAL_INDEX\model_summary.csv
full_last_select_pruned_t06,logreg,trial_level_log_reg,0.8403342817804562,0.8299459737586828,0.7565748441019278,0.8463461747175732,3887,24,area_dwell_proportion__correct | first_encounter_avg_pupil_size_z__correct | mean_first_fixation_duration__wrong_mean | mean_max_fix_pupil_size_z__wrong_mean | num_label_visits__wrong_mean | mean_fixations_count__contrast | skip_rate__contrast | mean_max_fix_pupil_size_z__contrast | num_label_visits__contrast | mean_fixations_count__distance_furthest | skip_rate__distance_furthest | area_dwell_proportion__distance_furthest | mean_avg_fix_pupil_size_z__distance_furthest | num_label_visits__distance_furthest | skip_rate__distance_closest | mean_min_fix_pupil_size_z__distance_closest | first_encounter_avg_pupil_size_z__distance_closest | has_xyx | has_xyxy | last_before_select_answer_A | last_before_select_answer_B | last_before_select_answer_C | last_before_select_answer_D | last_before_select_question,..\reports\report_data\answer_correctness\logreg\full_last_select_pruned_t06\participant_id+TRIAL_INDEX,3249,638,0.7282485327328376,0.8403342817804562,0.888497186033068,0.8299459737586828,0.9111286713732027,0.978508785103775,0.4896860986547085,0.8557993730407524,0.6229321163719338,638,0.9668109668109668,0.8248691905201601,0.8902175718319216,3249,..\reports\report_data\answer_correctness\logreg\full_last_select_pruned_t06\participant_id+TRIAL_INDEX\model_summary.csv
full_last_ans_pruned_t05_aic,logreg,trial_level_log_reg,0.8366835322370713,0.820684332390018,0.747562243152799,0.8388250419091942,3887,13,last_visited_answer_A | area_dwell_proportion__correct | num_label_visits__wrong_mean | last_visited_answer_D | mean_first_fixation_duration__wrong_mean | has_xyx | last_visited_answer_C | mean_max_fix_pupil_size_z__wrong_mean | num_label_visits__distance_furthest | skip_rate__distance_closest | num_label_visits__contrast | mean_max_fix_pupil_size_z__contrast | first_encounter_avg_pupil_size_z__distance_closest,..\reports\report_data\answer_correctness\logreg\full_last_ans_pruned_t05_aic\participant_id+TRIAL_INDEX,3249,638,0.7209511462320451,0.8366835322370713,0.886496822683709,0.820684332390018,0.8984283565427897,0.97464435991418,0.4745030250648228,0.8605015673981191,0.611699164345404,638,0.9673992673992674,0.8128654970760234,0.883425321960194,3249,..\reports\report_data\answer_correctness\logreg\full_last_ans_pruned_t05_aic\participant_id+TRIAL_INDEX\model_summary.csv
full_last_select_pruned_t05_aic,logreg,trial_level_log_reg,0.8365296387313772,0.8204270645742218,0.7472985579642057,0.8386130155245844,3887,17,area_dwell_proportion__correct | num_label_visits__wrong_mean | last_before_select_answer_A | num_label_visits__contrast | mean_first_fixation_duration__wrong_mean | num_label_visits__distance_furthest | last_before_select_answer_D | skip_rate__distance_closest | mean_max_fix_pupil_size_z__wrong_mean | has_xyx | last_before_select_answer_B | first_encounter_avg_pupil_size_z__distance_closest | mean_max_fix_pupil_size_z__contrast | has_xyxy | last_before_select_answer_C | mean_avg_fix_pupil_size_z__distance_furthest | mean_min_fix_pupil_size_z__distance_closest,..\reports\report_data\answer_correctness\logreg\full_last_select_pruned_t05_aic\participant_id+TRIAL_INDEX,3249,638,0.7207402928059207,0.8365296387313772,0.8864195805761524,0.8204270645742218,0.9071110377825442,0.9776213523221584,0.4740932642487047,0.8605015673981191,0.611358574610245,638,0.9673873213631368,0.8125577100646353,0.8832385413181666,3249,..\reports\report_data\answer_correctness\logreg\full_last_select_pruned_t05_aic\participant_id+TRIAL_INDEX\model_summary.csv
full_last_select_pruned_t05,logreg,trial_level_log_reg,0.8365296387313772,0.8204270645742218,0.7472985579642057,0.8386130155245844,3887,18,area_dwell_proportion__correct | mean_first_fixation_duration__wrong_mean | mean_max_fix_pupil_size_z__wrong_mean | num_label_visits__wrong_mean | mean_max_fix_pupil_size_z__contrast | num_label_visits__contrast | mean_avg_fix_pupil_size_z__distance_furthest | num_label_visits__distance_furthest | skip_rate__distance_closest | mean_min_fix_pupil_size_z__distance_closest | first_encounter_avg_pupil_size_z__distance_closest | has_xyx | has_xyxy | last_before_select_answer_A | last_before_select_answer_B | last_before_select_answer_C | last_before_select_answer_D | last_before_select_question,..\reports\report_data\answer_correctness\logreg\full_last_select_pruned_t05\participant_id+TRIAL_INDEX,3249,638,0.7207402928059207,0.8365296387313772,0.8864195805761524,0.8204270645742218,0.9069687224716358,0.9775923017482534,0.4740932642487047,0.8605015673981191,0.611358574610245,638,0.9673873213631368,0.8125577100646353,0.8832385413181666,3249,..\reports\report_data\answer_correctness\logreg\full_last_select_pruned_t05\participant_id+TRIAL_INDEX\model_summary.csv
full_last_ans_pruned_t05,logreg,trial_level_log_reg,0.835592046166122,0.8199125289426292,0.7465744850643898,0.83815058863497,3887,16,area_dwell_proportion__correct | mean_first_fixation_duration__wrong_mean | mean_max_fix_pupil_size_z__wrong_mean | num_label_visits__wrong_mean | mean_max_fix_pupil_size_z__contrast | num_label_visits__contrast | mean_avg_fix_pupil_size_z__distance_furthest | num_label_visits__distance_furthest | skip_rate__distance_closest | mean_min_fix_pupil_size_z__distance_closest | first_encounter_avg_pupil_size_z__distance_closest | has_xyx | has_xyxy | last_visited_answer_A | last_visited_answer_C | last_visited_answer_D,..\reports\report_data\answer_correctness\logreg\full_last_ans_pruned_t05\participant_id+TRIAL_INDEX,3249,638,0.7201252965810196,0.835592046166122,0.8859715497294364,0.8199125289426292,0.8986811471289454,0.974859017122066,0.4732297063903281,0.8589341692789969,0.6102449888641426,638,0.9670208867717112,0.8122499230532472,0.882903981264637,3249,..\reports\report_data\answer_correctness\logreg\full_last_ans_pruned_t05\participant_id+TRIAL_INDEX\model_summary.csv
full_last_confirm_pruned_t08,logreg,trial_level_log_reg,0.8350165134003131,0.8273732956007204,0.7526920647701799,0.8439807790485231,3887,37,mean_dwell_time__correct | mean_first_fixation_duration__correct | skip_rate__correct | area_dwell_proportion__correct | first_encounter_avg_pupil_size_z__correct | num_label_visits__correct | mean_fixations_count__wrong_mean | mean_first_fixation_duration__wrong_mean | mean_max_fix_pupil_size_z__wrong_mean | num_label_visits__wrong_mean | mean_fixations_count__contrast | mean_first_fixation_duration__contrast | skip_rate__contrast | mean_max_fix_pupil_size_z__contrast | first_encounter_avg_pupil_size_z__contrast | num_label_visits__contrast | mean_fixations_count__distance_furthest | mean_first_fixation_duration__distance_furthest | skip_rate__distance_furthest | area_dwell_proportion__distance_furthest | mean_avg_fix_pupil_size_z__distance_furthest | first_encounter_avg_pupil_size_z__distance_furthest | num_label_visits__distance_furthest | mean_fixations_count__distance_closest | mean_first_fixation_duration__distance_closest | skip_rate__distance_closest | area_dwell_proportion__distance_closest | mean_min_fix_pupil_size_z__distance_closest | first_encounter_avg_pupil_size_z__distance_closest | num_label_visits__distance_closest | has_xyx | has_xyxy | last_before_confirm_answer_A | last_before_confirm_answer_B | last_before_confirm_answer_C | last_before_confirm_answer_D | last_before_confirm_question,..\reports\report_data\answer_correctness\logreg\full_last_confirm_pruned_t08\participant_id+TRIAL_INDEX,3249,638,0.72492357800679,0.8350165134003131,0.8859688595466768,0.8273732956007204,0.90632854478494,0.9778914767493022,0.4851752021563342,0.8463949843260188,0.6167904054825813,638,0.9646719538572458,0.8236380424746076,0.8885937240577785,3249,..\reports\report_data\answer_correctness\logreg\full_last_confirm_pruned_t08\participant_id+TRIAL_INDEX\model_summary.csv
full_last_ans_pruned_t08_aic,logreg,trial_level_log_reg,0.8348510416998334,0.8165680473372781,0.7435591873006497,0.8354714985618052,3887,23,last_visited_answer_A | mean_fixations_count__wrong_mean | area_dwell_proportion__correct | last_visited_answer_B | num_label_visits__distance_furthest | skip_rate__contrast | has_xyx | last_visited_answer_C | num_label_visits__wrong_mean | first_encounter_avg_pupil_size_z__correct | num_label_visits__distance_closest | mean_first_fixation_duration__wrong_mean | mean_first_fixation_duration__distance_closest | area_dwell_proportion__distance_furthest | area_dwell_proportion__distance_closest | mean_dwell_time__correct | mean_first_fixation_duration__distance_furthest | first_encounter_avg_pupil_size_z__contrast | skip_rate__distance_closest | first_encounter_avg_pupil_size_z__distance_closest | mean_fixations_count__distance_furthest | has_xyxy | mean_fixations_count__distance_closest,..\reports\report_data\answer_correctness\logreg\full_last_ans_pruned_t08_aic\participant_id+TRIAL_INDEX,3249,638,0.7178183644009288,0.8348510416998334,0.8855707535660609,0.8165680473372781,0.8998293181118666,0.975534815455662,0.4680851063829787,0.8620689655172413,0.6067291781577496,638,0.967551622418879,0.8076331178824253,0.8803891964435497,3249,..\reports\report_data\answer_correctness\logreg\full_last_ans_pruned_t08_aic\participant_id+TRIAL_INDEX\model_summary.csv
selected_last_select_only,logreg,trial_level_log_reg,0.8342212361459662,0.8165680473372781,0.7433620894096329,0.8354337445874179,3887,13,skip_rate__correct | skip_rate__wrong_mean | area_dwell_proportion__correct | area_dwell_proportion__wrong_mean | num_label_visits__correct | num_label_visits__wrong_mean | seq_len | has_xyx | last_before_select_answer_A | last_before_select_answer_B | last_before_select_answer_C | last_before_select_answer_D | last_before_select_question,..\reports\report_data\answer_correctness\logreg\selected_last_select_only\participant_id+TRIAL_INDEX,3249,638,0.7176188824829858,0.8342212361459662,0.8852738269570657,0.8165680473372781,0.9078189961512152,0.9776849871558828,0.4680306905370844,0.8605015673981191,0.6062948647156268,638,0.9672070744288872,0.8079409048938134,0.8804293141036391,3249,..\reports\report_data\answer_correctness\logreg\selected_last_select_only\participant_id+TRIAL_INDEX\model_summary.csv
full_last_ans_pruned_t08,logreg,trial_level_log_reg,0.833674166442339,0.8219706714689993,0.7476941883265259,0.8396505171482413,3887,36,mean_dwell_time__correct | mean_first_fixation_duration__correct | skip_rate__correct | area_dwell_proportion__correct | first_encounter_avg_pupil_size_z__correct | num_label_visits__correct | mean_fixations_count__wrong_mean | mean_first_fixation_duration__wrong_mean | mean_max_fix_pupil_size_z__wrong_mean | num_label_visits__wrong_mean | mean_fixations_count__contrast | mean_first_fixation_duration__contrast | skip_rate__contrast | mean_max_fix_pupil_size_z__contrast | first_encounter_avg_pupil_size_z__contrast | num_label_visits__contrast | mean_fixations_count__distance_furthest | mean_first_fixation_duration__distance_furthest | skip_rate__distance_furthest | area_dwell_proportion__distance_furthest | mean_avg_fix_pupil_size_z__distance_furthest | first_encounter_avg_pupil_size_z__distance_furthest | num_label_visits__distance_furthest | mean_fixations_count__distance_closest | mean_first_fixation_duration__distance_closest | skip_rate__distance_closest | area_dwell_proportion__distance_closest | mean_min_fix_pupil_size_z__distance_closest | first_encounter_avg_pupil_size_z__distance_closest | num_label_visits__distance_closest | has_xyx | has_xyxy | last_visited_answer_A | last_visited_answer_B | last_visited_answer_C | last_visited_answer_D,..\reports\report_data\answer_correctness\logreg\full_last_ans_pruned_t08\participant_id+TRIAL_INDEX,3249,638,0.7208663039104861,0.833674166442339,0.8851373080768071,0.8219706714689993,0.9019838271915834,0.9759642633279794,0.4763157894736842,0.8510971786833855,0.6107986501687289,638,0.965416818347288,0.8162511542012927,0.8845897264843229,3249,..\reports\report_data\answer_correctness\logreg\full_last_ans_pruned_t08\participant_id+TRIAL_INDEX\model_summary.csv
full_last_ans_pruned_t06,logreg,trial_level_log_reg,0.8335202729366451,0.821713403653203,0.7474294908488945,0.8394386447066029,3887,23,area_dwell_proportion__correct | first_encounter_avg_pupil_size_z__correct | mean_first_fixation_duration__wrong_mean | mean_max_fix_pupil_size_z__wrong_mean | num_label_visits__wrong_mean | mean_fixations_count__contrast | skip_rate__contrast | mean_max_fix_pupil_size_z__contrast | num_label_visits__contrast | mean_fixations_count__distance_furthest | skip_rate__distance_furthest | area_dwell_proportion__distance_furthest | mean_avg_fix_pupil_size_z__distance_furthest | num_label_visits__distance_furthest | skip_rate__distance_closest | mean_min_fix_pupil_size_z__distance_closest | first_encounter_avg_pupil_size_z__distance_closest | has_xyx | has_xyxy | last_visited_answer_A | last_visited_answer_B | last_visited_answer_C | last_visited_answer_D,..\reports\report_data\answer_correctness\logreg\full_last_ans_pruned_t06\participant_id+TRIAL_INDEX,3249,638,0.7206512795601665,0.8335202729366451,0.8850582614959411,0.821713403653203,0.9007628100664684,0.9756898122708768,0.4758983347940403,0.8510971786833855,0.6104553119730185,638,0.9654042243262928,0.8159433671899046,0.8844036697247707,3249,..\reports\report_data\answer_correctness\logreg\full_last_ans_pruned_t06\participant_id+TRIAL_INDEX\model_summary.csv
full_last_confirm_pruned_t08_aic,logreg,trial_level_log_reg,0.8334775783433725,0.8248006174427579,0.7500166447994139,0.8418609310514229,3887,24,last_before_confirm_answer_A | mean_fixations_count__wrong_mean | area_dwell_proportion__correct | last_before_confirm_answer_B | num_label_visits__distance_furthest | skip_rate__contrast | last_before_confirm_answer_C | has_xyx | num_label_visits__distance_closest | first_encounter_avg_pupil_size_z__correct | num_label_visits__wrong_mean | mean_first_fixation_duration__wrong_mean | mean_first_fixation_duration__distance_closest | area_dwell_proportion__distance_furthest | area_dwell_proportion__distance_closest | mean_dwell_time__correct | mean_first_fixation_duration__distance_furthest | first_encounter_avg_pupil_size_z__contrast | skip_rate__distance_closest | first_encounter_avg_pupil_size_z__distance_closest | mean_fixations_count__distance_furthest | has_xyxy | mean_fixations_count__distance_closest | num_label_visits__correct,..\reports\report_data\answer_correctness\logreg\full_last_confirm_pruned_t08_aic\participant_id+TRIAL_INDEX,3249,638,0.7226994960006082,0.8334775783433725,0.8851528951995437,0.8248006174427579,0.9070584534812256,0.9781184496678196,0.4808548530721282,0.8463949843260188,0.6132879045996593,638,0.9645441389290884,0.8205601723607264,0.8867453849991684,3249,..\reports\report_data\answer_correctness\logreg\full_last_confirm_pruned_t08_aic\participant_id+TRIAL_INDEX\model_summary.csv
full_last_ans_pruned_t06_aic,logreg,trial_level_log_reg,0.8323175879532743,0.8175971186004631,0.7436155372231434,0.8361279457366404,3887,17,last_visited_answer_A | area_dwell_proportion__correct | num_label_visits__wrong_mean | last_visited_answer_B | mean_first_fixation_duration__wrong_mean | has_xyx | skip_rate__contrast | last_visited_answer_C | first_encounter_avg_pupil_size_z__correct | area_dwell_proportion__distance_furthest | skip_rate__distance_closest | num_label_visits__distance_furthest | mean_fixations_count__contrast | mean_max_fix_pupil_size_z__wrong_mean | mean_fixations_count__distance_furthest | skip_rate__distance_furthest | first_encounter_avg_pupil_size_z__distance_closest,..\reports\report_data\answer_correctness\logreg\full_last_ans_pruned_t06_aic\participant_id+TRIAL_INDEX,3249,638,0.7176534952601769,0.8323175879532743,0.8843964988010633,0.8175971186004631,0.8977741885373943,0.97493936365371,0.4694229112833764,0.85423197492163,0.6058921623123957,638,0.9658840792369772,0.8104032009849185,0.8813389121338913,3249,..\reports\report_data\answer_correctness\logreg\full_last_ans_pruned_t06_aic\participant_id+TRIAL_INDEX\model_summary.csv
selected_last_confirm_only,logreg,trial_level_log_reg,0.8319101802242503,0.8242860818111655,0.7490808699305366,0.841355685823545,3887,13,skip_rate__correct | skip_rate__wrong_mean | area_dwell_proportion__correct | area_dwell_proportion__wrong_mean | num_label_visits__correct | num_label_visits__wrong_mean | seq_len | has_xyx | last_before_confirm_answer_A | last_before_confirm_answer_B | last_before_confirm_answer_C | last_before_confirm_answer_D | last_before_confirm_question,..\reports\report_data\answer_correctness\logreg\selected_last_confirm_only\participant_id+TRIAL_INDEX,3249,638,0.7218876725989023,0.8319101802242503,0.8844179136038987,0.8242860818111655,0.9036308253998578,0.9768618606826932,0.47992863514719,0.8432601880877743,0.6117111995451961,638,0.9638467100506146,0.8205601723607264,0.886450540315877,3249,..\reports\report_data\answer_correctness\logreg\selected_last_confirm_only\participant_id+TRIAL_INDEX\model_summary.csv
full_last_confirm_pruned_t06,logreg,trial_level_log_reg,0.8318674856309778,0.8273732956007204,0.7516838510154709,0.8437738509279064,3887,24,area_dwell_proportion__correct | first_encounter_avg_pupil_size_z__correct | mean_first_fixation_duration__wrong_mean | mean_max_fix_pupil_size_z__wrong_mean | num_label_visits__wrong_mean | mean_fixations_count__contrast | skip_rate__contrast | mean_max_fix_pupil_size_z__contrast | num_label_visits__contrast | mean_fixations_count__distance_furthest | skip_rate__distance_furthest | area_dwell_proportion__distance_furthest | mean_avg_fix_pupil_size_z__distance_furthest | num_label_visits__distance_furthest | skip_rate__distance_closest | mean_min_fix_pupil_size_z__distance_closest | first_encounter_avg_pupil_size_z__distance_closest | has_xyx | has_xyxy | last_before_confirm_answer_A | last_before_confirm_answer_B | last_before_confirm_answer_C | last_before_confirm_answer_D | last_before_confirm_question,..\reports\report_data\answer_correctness\logreg\full_last_confirm_pruned_t06\participant_id+TRIAL_INDEX,3249,638,0.7240218356936672,0.8318674856309778,0.8845516761560799,0.8273732956007204,0.904984991765009,0.9775943970883476,0.485040797824116,0.8385579937304075,0.6145893164847789,638,0.9630028735632185,0.8251769775315482,0.8887783855461627,3249,..\reports\report_data\answer_correctness\logreg\full_last_confirm_pruned_t06\participant_id+TRIAL_INDEX\model_summary.csv
full_last_confirm_pruned_t05,logreg,trial_level_log_reg,0.8312946062014741,0.8232570105479804,0.7480164225295787,0.840508501303612,3887,17,area_dwell_proportion__correct | mean_first_fixation_duration__wrong_mean | mean_max_fix_pupil_size_z__wrong_mean | num_label_visits__wrong_mean | mean_max_fix_pupil_size_z__contrast | num_label_visits__contrast | mean_avg_fix_pupil_size_z__distance_furthest | num_label_visits__distance_furthest | skip_rate__distance_closest | mean_min_fix_pupil_size_z__distance_closest | first_encounter_avg_pupil_size_z__distance_closest | has_xyx | has_xyxy | last_before_confirm_answer_A | last_before_confirm_answer_C | last_before_confirm_answer_D | last_before_confirm_question,..\reports\report_data\answer_correctness\logreg\full_last_confirm_pruned_t05\participant_id+TRIAL_INDEX,3249,638,0.7210082870705607,0.8312946062014741,0.8840940641014361,0.8232570105479804,0.9024541913547548,0.9766196957528184,0.4782222222222222,0.8432601880877743,0.6103233125354509,638,0.9637943519188994,0.8193290243151738,0.8857095325237065,3249,..\reports\report_data\answer_correctness\logreg\full_last_confirm_pruned_t05\participant_id+TRIAL_INDEX\model_summary.csv
full_last_confirm_pruned_t05_aic,logreg,trial_level_log_reg,0.8306790321786979,0.8222279392847954,0.7469546234919853,0.8396615232726586,3887,14,last_before_confirm_answer_A | area_dwell_proportion__correct | num_label_visits__wrong_mean | last_before_confirm_answer_D | mean_first_fixation_duration__wrong_mean | has_xyx | last_before_confirm_question | last_before_confirm_answer_C | mean_max_fix_pupil_size_z__wrong_mean | skip_rate__distance_closest | num_label_visits__distance_furthest | num_label_visits__contrast | mean_max_fix_pupil_size_z__contrast | first_encounter_avg_pupil_size_z__distance_closest,..\reports\report_data\answer_correctness\logreg\full_last_confirm_pruned_t05_aic\participant_id+TRIAL_INDEX,3249,638,0.7201348713557982,0.8306790321786979,0.8837720723150443,0.8222279392847954,0.9024537089299722,0.976531222779408,0.4765279007971656,0.8432601880877743,0.6089417091114884,638,0.9637418419144308,0.8180978762696214,0.8849675378724821,3249,..\reports\report_data\answer_correctness\logreg\full_last_confirm_pruned_t05_aic\participant_id+TRIAL_INDEX\model_summary.csv
full_last_confirm_pruned_t07,logreg,trial_level_log_reg,0.8306505691165162,0.8242860818111655,0.748676105911527,0.8412735013495927,3887,27,skip_rate__correct | area_dwell_proportion__correct | first_encounter_avg_pupil_size_z__correct | mean_first_fixation_duration__wrong_mean | mean_max_fix_pupil_size_z__wrong_mean | num_label_visits__wrong_mean | mean_fixations_count__contrast | skip_rate__contrast | mean_max_fix_pupil_size_z__contrast | num_label_visits__contrast | mean_fixations_count__distance_furthest | skip_rate__distance_furthest | area_dwell_proportion__distance_furthest | mean_avg_fix_pupil_size_z__distance_furthest | first_encounter_avg_pupil_size_z__distance_furthest | num_label_visits__distance_furthest | skip_rate__distance_closest | mean_min_fix_pupil_size_z__distance_closest | first_encounter_avg_pupil_size_z__distance_closest | num_label_visits__distance_closest | has_xyx | has_xyxy | last_before_confirm_answer_A | last_before_confirm_answer_B | last_before_confirm_answer_C | last_before_confirm_answer_D | last_before_confirm_question,..\reports\report_data\answer_correctness\logreg\full_last_confirm_pruned_t07\participant_id+TRIAL_INDEX,3249,638,0.7215168272416123,0.8306505691165162,0.8838462426566779,0.8242860818111655,0.9047022908423232,0.97754458337442,0.4798567591763653,0.8401253918495298,0.6108262108262108,638,0.9631768953068592,0.8211757463835027,0.8865260009968433,3249,..\reports\report_data\answer_correctness\logreg\full_last_confirm_pruned_t07\participant_id+TRIAL_INDEX\model_summary.csv
selected_last_ans_only,logreg,trial_level_log_reg,0.8299807223056817,0.8157962438898894,0.7413854368852648,0.8345684666641975,3887,12,skip_rate__correct | skip_rate__wrong_mean | area_dwell_proportion__correct | area_dwell_proportion__wrong_mean | num_label_visits__correct | num_label_visits__wrong_mean | seq_len | has_xyx | last_visited_answer_A | last_visited_answer_B | last_visited_answer_C | last_visited_answer_D,..\reports\report_data\answer_correctness\logreg\selected_last_ans_only\participant_id+TRIAL_INDEX,3249,638,0.7158034270873166,0.8299807223056817,0.8832705500324851,0.8157962438898894,0.8985822500484837,0.9746339278073436,0.4664948453608247,0.8510971786833855,0.6026637069922308,638,0.9651120088138084,0.8088642659279779,0.8801071667782987,3249,..\reports\report_data\answer_correctness\logreg\selected_last_ans_only\participant_id+TRIAL_INDEX\model_summary.csv
full_last_ans_pruned_t07,logreg,trial_level_log_reg,0.829476347195327,0.8181116542320556,0.7431378320253479,0.8363552843023543,3887,26,skip_rate__correct | area_dwell_proportion__correct | first_encounter_avg_pupil_size_z__correct | mean_first_fixation_duration__wrong_mean | mean_max_fix_pupil_size_z__wrong_mean | num_label_visits__wrong_mean | mean_fixations_count__contrast | skip_rate__contrast | mean_max_fix_pupil_size_z__contrast | num_label_visits__contrast | mean_fixations_count__distance_furthest | skip_rate__distance_furthest | area_dwell_proportion__distance_furthest | mean_avg_fix_pupil_size_z__distance_furthest | first_encounter_avg_pupil_size_z__distance_furthest | num_label_visits__distance_furthest | skip_rate__distance_closest | mean_min_fix_pupil_size_z__distance_closest | first_encounter_avg_pupil_size_z__distance_closest | num_label_visits__distance_closest | has_xyx | has_xyxy | last_visited_answer_A | last_visited_answer_B | last_visited_answer_C | last_visited_answer_D,..\reports\report_data\answer_correctness\logreg\full_last_ans_pruned_t07\participant_id+TRIAL_INDEX,3249,638,0.7170906705166814,0.829476347195327,0.8830855027890805,0.8181116542320556,0.9005138788785746,0.9756452450400318,0.4699738903394256,0.8463949843260188,0.604364857302742,638,0.9642074506939372,0.8125577100646353,0.8819108067479539,3249,..\reports\report_data\answer_correctness\logreg\full_last_ans_pruned_t07\participant_id+TRIAL_INDEX\model_summary.csv
full_last_ans_pruned_t07_aic,logreg,trial_level_log_reg,0.8280913056440805,0.8157962438898894,0.7407819018658615,0.8344511735180551,3887,20,last_visited_answer_A | area_dwell_proportion__correct | num_label_visits__wrong_mean | last_visited_answer_B | mean_first_fixation_duration__wrong_mean | has_xyx | skip_rate__contrast | last_visited_answer_C | first_encounter_avg_pupil_size_z__correct | area_dwell_proportion__distance_furthest | skip_rate__distance_closest | num_label_visits__distance_furthest | num_label_visits__distance_closest | mean_fixations_count__contrast | skip_rate__correct | mean_max_fix_pupil_size_z__wrong_mean | first_encounter_avg_pupil_size_z__distance_closest | skip_rate__distance_furthest | mean_fixations_count__distance_furthest | has_xyxy,..\reports\report_data\answer_correctness\logreg\full_last_ans_pruned_t07_aic\participant_id+TRIAL_INDEX,3249,638,0.7152053267818119,0.8280913056440805,0.8823873029557076,0.8157962438898894,0.8986401410224125,0.9752398945730856,0.466321243523316,0.8463949843260188,0.6013363028953229,638,0.9640894100403078,0.8097876269621422,0.8802275008364001,3249,..\reports\report_data\answer_correctness\logreg\full_last_ans_pruned_t07_aic\participant_id+TRIAL_INDEX\model_summary.csv
full_last_confirm_pruned_t06_aic,logreg,trial_level_log_reg,0.8276838979150566,0.8224852071005917,0.7462027357562846,0.8396675563475496,3887,18,last_before_confirm_answer_A | area_dwell_proportion__correct | num_label_visits__wrong_mean | last_before_confirm_answer_B | mean_first_fixation_duration__wrong_mean | has_xyx | skip_rate__contrast | last_before_confirm_answer_C | first_encounter_avg_pupil_size_z__correct | area_dwell_proportion__distance_furthest | skip_rate__distance_closest | mean_fixations_count__contrast | num_label_visits__distance_furthest | mean_max_fix_pupil_size_z__wrong_mean | mean_fixations_count__distance_furthest | skip_rate__distance_furthest | first_encounter_avg_pupil_size_z__distance_closest | has_xyxy,..\reports\report_data\answer_correctness\logreg\full_last_confirm_pruned_t06_aic\participant_id+TRIAL_INDEX,3249,638,0.7194121796971453,0.8276838979150566,0.8824186452031408,0.8224852071005917,0.9043863026096284,0.977544876825254,0.4767441860465116,0.835423197492163,0.6070615034168565,638,0.962080173347779,0.8199445983379502,0.8853439680957128,3249,..\reports\report_data\answer_correctness\logreg\full_last_confirm_pruned_t06_aic\participant_id+TRIAL_INDEX\model_summary.csv
full_last_confirm_pruned_t07_aic,logreg,trial_level_log_reg,0.8275300044093625,0.8222279392847954,0.7459373550693826,0.8394560007907172,3887,20,last_before_confirm_answer_A | area_dwell_proportion__correct | num_label_visits__wrong_mean | last_before_confirm_answer_B | mean_first_fixation_duration__wrong_mean | has_xyx | skip_rate__contrast | last_before_confirm_answer_C | first_encounter_avg_pupil_size_z__correct | area_dwell_proportion__distance_furthest | skip_rate__distance_closest | mean_fixations_count__contrast | num_label_visits__distance_furthest | num_label_visits__distance_closest | skip_rate__correct | mean_max_fix_pupil_size_z__wrong_mean | first_encounter_avg_pupil_size_z__distance_closest | mean_fixations_count__distance_furthest | skip_rate__distance_furthest | has_xyxy,..\reports\report_data\answer_correctness\logreg\full_last_confirm_pruned_t07_aic\participant_id+TRIAL_INDEX,3249,638,0.7191923075929685,0.8275300044093625,0.8823372647472196,0.8222279392847954,0.904520899124013,0.977581560329468,0.4763181411974977,0.835423197492163,0.6067159931701764,638,0.9620664739884393,0.819636811326562,0.8851587169685889,3249,..\reports\report_data\answer_correctness\logreg\full_last_confirm_pruned_t07_aic\participant_id+TRIAL_INDEX\model_summary.csv
second_selected_last_confirm,logreg,trial_level_log_reg,0.8208583108764597,0.8037046565474659,0.7286774942037811,0.8245169858277346,3887,9,area_dwell_proportion__correct | area_dwell_proportion__distance_closest | num_label_visits__correct | num_label_visits__distance_closest | last_before_confirm_answer_A | last_before_confirm_answer_B | last_before_confirm_answer_C | last_before_confirm_answer_D | last_before_confirm_question,..\reports\report_data\answer_correctness\logreg\second_selected_last_confirm\participant_id+TRIAL_INDEX,3249,638,0.7057964422413446,0.8208583108764597,0.8788758921758624,0.8037046565474659,0.8870023667759841,0.9725207716534248,0.4481327800829875,0.8463949843260188,0.5860010851871947,638,0.9634601043997018,0.7953216374269005,0.8713539032203675,3249,..\reports\report_data\answer_correctness\logreg\second_selected_last_confirm\participant_id+TRIAL_INDEX\model_summary.csv
second_selected_last_ans,logreg,trial_level_log_reg,0.8179227560734867,0.7882685875996913,0.7156815823137113,0.8121809055324962,3887,8,area_dwell_proportion__correct | area_dwell_proportion__distance_closest | num_label_visits__correct | num_label_visits__distance_closest | last_visited_answer_A | last_visited_answer_B | last_visited_answer_C | last_visited_answer_D,..\reports\report_data\answer_correctness\logreg\second_selected_last_ans\participant_id+TRIAL_INDEX,3249,638,0.6970977129236116,0.8179227560734867,0.8778472602123315,0.7882685875996913,0.8762085946869596,0.969582263930672,0.4280155642023346,0.8620689655172413,0.5720228809152366,638,0.9661798616448886,0.7737765466297323,0.859340283712186,3249,..\reports\report_data\answer_correctness\logreg\second_selected_last_ans\participant_id+TRIAL_INDEX\model_summary.csv
second_selected_last_select,logreg,trial_level_log_reg,0.8037503220185425,0.7656290198096218,0.6942590087882932,0.7934853659643789,3887,9,area_dwell_proportion__correct | area_dwell_proportion__distance_closest | num_label_visits__correct | num_label_visits__distance_closest | last_before_select_answer_A | last_before_select_answer_B | last_before_select_answer_C | last_before_select_answer_D | last_before_select_question,..\reports\report_data\answer_correctness\logreg\second_selected_last_select\participant_id+TRIAL_INDEX,3249,638,0.6825320139292337,0.8037503220185425,0.8720222168582237,0.7656290198096218,0.869490829587305,0.9683451417708008,0.4004376367614879,0.8605015673981191,0.5465405674464908,638,0.9646263910969792,0.7469990766389658,0.8419774501300954,3249,..\reports\report_data\answer_correctness\logreg\second_selected_last_select\participant_id+TRIAL_INDEX\model_summary.csv
full_no_last_pruned_t08,logreg,trial_level_log_reg,0.7978632923947662,0.8042191921790584,0.7213205043088289,0.8234188411150407,3887,32,mean_dwell_time__correct | mean_first_fixation_duration__correct | skip_rate__correct | area_dwell_proportion__correct | first_encounter_avg_pupil_size_z__correct | num_label_visits__correct | mean_fixations_count__wrong_mean | mean_first_fixation_duration__wrong_mean | mean_max_fix_pupil_size_z__wrong_mean | num_label_visits__wrong_mean | mean_fixations_count__contrast | mean_first_fixation_duration__contrast | skip_rate__contrast | mean_max_fix_pupil_size_z__contrast | first_encounter_avg_pupil_size_z__contrast | num_label_visits__contrast | mean_fixations_count__distance_furthest | mean_first_fixation_duration__distance_furthest | skip_rate__distance_furthest | area_dwell_proportion__distance_furthest | mean_avg_fix_pupil_size_z__distance_furthest | first_encounter_avg_pupil_size_z__distance_furthest | num_label_visits__distance_furthest | mean_fixations_count__distance_closest | mean_first_fixation_duration__distance_closest | skip_rate__distance_closest | area_dwell_proportion__distance_closest | mean_min_fix_pupil_size_z__distance_closest | first_encounter_avg_pupil_size_z__distance_closest | num_label_visits__distance_closest | has_xyx | has_xyxy,..\reports\report_data\answer_correctness\logreg\full_no_last_pruned_t08\participant_id+TRIAL_INDEX,3249,638,0.6982892508210272,0.7978632923947662,0.8680762839001059,0.8042191921790584,0.8712229757697328,0.9686784899616367,0.4455270150575731,0.7884012539184952,0.5693265421618563,638,0.9510514865844816,0.8073253308710372,0.8733144664558016,3249,..\reports\report_data\answer_correctness\logreg\full_no_last_pruned_t08\participant_id+TRIAL_INDEX\model_summary.csv
sequence_last_ans,logreg,trial_level_log_reg,0.7977769383586558,0.7535374324671984,0.6836465366957669,0.7835289279706479,3887,8,seq_len | has_xyx | has_xyxy | trial_mean_dwell | last_visited_answer_A | last_visited_answer_B | last_visited_answer_C | last_visited_answer_D,..\reports\report_data\answer_correctness\logreg\sequence_last_ans\participant_id+TRIAL_INDEX,3249,638,0.676094150740465,0.7977769383586558,0.8699622318416164,0.7535374324671984,0.8647095175655688,0.9624492367653076,0.3874824191279887,0.8636363636363636,0.5349514563106796,638,0.9647058823529412,0.731917513080948,0.8323416170808541,3249,..\reports\report_data\answer_correctness\logreg\sequence_last_ans\participant_id+TRIAL_INDEX\model_summary.csv
full_no_last_pruned_t06_aic,logreg,trial_level_log_reg,0.7960566115834049,0.8096218163107796,0.7249094310317785,0.8274518686597209,3887,14,area_dwell_proportion__correct | num_label_visits__wrong_mean | num_label_visits__contrast | mean_first_fixation_duration__wrong_mean | num_label_visits__distance_furthest | has_xyx | area_dwell_proportion__distance_furthest | skip_rate__distance_closest | first_encounter_avg_pupil_size_z__correct | skip_rate__contrast | mean_max_fix_pupil_size_z__contrast | mean_avg_fix_pupil_size_z__distance_furthest | mean_fixations_count__distance_furthest | mean_fixations_count__contrast,..\reports\report_data\answer_correctness\logreg\full_no_last_pruned_t06_aic\participant_id+TRIAL_INDEX,3249,638,0.7010669562995144,0.7960566115834049,0.8675007434336385,0.8096218163107796,0.8699112627854628,0.9683640796881114,0.4532967032967033,0.7758620689655172,0.5722543352601156,638,0.9488372093023256,0.8162511542012927,0.8775645268034414,3249,..\reports\report_data\answer_correctness\logreg\full_no_last_pruned_t06_aic\participant_id+TRIAL_INDEX\model_summary.csv
full_no_last,logreg,trial_level_log_reg,0.7956660887217769,0.8037046565474659,0.7201405100292119,0.822864609162527,3887,54,mean_dwell_time__correct | mean_fixations_count__correct | mean_first_fixation_duration__correct | skip_rate__correct | area_dwell_proportion__correct | mean_avg_fix_pupil_size_z__correct | mean_max_fix_pupil_size_z__correct | mean_min_fix_pupil_size_z__correct | first_encounter_avg_pupil_size_z__correct | num_label_visits__correct | mean_dwell_time__wrong_mean | mean_fixations_count__wrong_mean | mean_first_fixation_duration__wrong_mean | skip_rate__wrong_mean | area_dwell_proportion__wrong_mean | mean_avg_fix_pupil_size_z__wrong_mean | mean_max_fix_pupil_size_z__wrong_mean | mean_min_fix_pupil_size_z__wrong_mean | first_encounter_avg_pupil_size_z__wrong_mean | num_label_visits__wrong_mean | mean_dwell_time__contrast | mean_fixations_count__contrast | mean_first_fixation_duration__contrast | skip_rate__contrast | area_dwell_proportion__contrast | mean_avg_fix_pupil_size_z__contrast | mean_max_fix_pupil_size_z__contrast | mean_min_fix_pupil_size_z__contrast | first_encounter_avg_pupil_size_z__contrast | num_label_visits__contrast | mean_dwell_time__distance_furthest | mean_fixations_count__distance_furthest | mean_first_fixation_duration__distance_furthest | skip_rate__distance_furthest | area_dwell_proportion__distance_furthest | mean_avg_fix_pupil_size_z__distance_furthest | mean_max_fix_pupil_size_z__distance_furthest | mean_min_fix_pupil_size_z__distance_furthest | first_encounter_avg_pupil_size_z__distance_furthest | num_label_visits__distance_furthest | mean_dwell_time__distance_closest | mean_fixations_count__distance_closest | mean_first_fixation_duration__distance_closest | skip_rate__distance_closest | area_dwell_proportion__distance_closest | mean_avg_fix_pupil_size_z__distance_closest | mean_max_fix_pupil_size_z__distance_closest | mean_min_fix_pupil_size_z__distance_closest | first_encounter_avg_pupil_size_z__distance_closest | num_label_visits__distance_closest | seq_len | has_xyx | has_xyxy | trial_mean_dwell,..\reports\report_data\answer_correctness\logreg\full_no_last\participant_id+TRIAL_INDEX,3249,638,0.6972403250462628,0.7956660887217769,0.8670499582470211,0.8037046565474659,0.8726528828257742,0.9689208138320932,0.4444444444444444,0.7836990595611285,0.5672149744753261,638,0.9500362056480812,0.8076331178824253,0.8730660455830976,3249,..\reports\report_data\answer_correctness\logreg\full_no_last\participant_id+TRIAL_INDEX\model_summary.csv
full_no_last_pruned_t08_aic,logreg,trial_level_log_reg,0.7955691213404462,0.7993311036789298,0.716727173247645,0.8194803234887525,3887,21,area_dwell_proportion__correct | num_label_visits__wrong_mean | num_label_visits__correct | mean_first_fixation_duration__wrong_mean | num_label_visits__distance_furthest | num_label_visits__distance_closest | has_xyx | skip_rate__contrast | mean_max_fix_pupil_size_z__wrong_mean | mean_first_fixation_duration__distance_closest | area_dwell_proportion__distance_furthest | area_dwell_proportion__distance_closest | first_encounter_avg_pupil_size_z__contrast | mean_first_fixation_duration__distance_furthest | mean_fixations_count__distance_furthest | mean_fixations_count__distance_closest | mean_dwell_time__correct | skip_rate__distance_closest | mean_avg_fix_pupil_size_z__distance_furthest | mean_min_fix_pupil_size_z__distance_closest | first_encounter_avg_pupil_size_z__distance_closest,..\reports\report_data\answer_correctness\logreg\full_no_last_pruned_t08_aic\participant_id+TRIAL_INDEX,3249,638,0.6946510778224333,0.7955691213404462,0.8668751153216848,0.7993311036789298,0.8702706692486041,0.9684454909495136,0.4382608695652173,0.7899686520376176,0.5637583892617449,638,0.9510412860796492,0.8011695906432749,0.869695957233545,3249,..\reports\report_data\answer_correctness\logreg\full_no_last_pruned_t08_aic\participant_id+TRIAL_INDEX\model_summary.csv
full_no_last_pruned_t06,logreg,trial_level_log_reg,0.7951474820803315,0.8070491381528171,0.7225617601646939,0.825403971785668,3887,19,area_dwell_proportion__correct | first_encounter_avg_pupil_size_z__correct | mean_first_fixation_duration__wrong_mean | mean_max_fix_pupil_size_z__wrong_mean | num_label_visits__wrong_mean | mean_fixations_count__contrast | skip_rate__contrast | mean_max_fix_pupil_size_z__contrast | num_label_visits__contrast | mean_fixations_count__distance_furthest | skip_rate__distance_furthest | area_dwell_proportion__distance_furthest | mean_avg_fix_pupil_size_z__distance_furthest | num_label_visits__distance_furthest | skip_rate__distance_closest | mean_min_fix_pupil_size_z__distance_closest | first_encounter_avg_pupil_size_z__distance_closest | has_xyx | has_xyxy,..\reports\report_data\answer_correctness\logreg\full_no_last_pruned_t06\participant_id+TRIAL_INDEX,3249,638,0.6991256437896753,0.7951474820803315,0.8669566406819702,0.8070491381528171,0.8709933415731486,0.9686913925890016,0.4492753623188406,0.7774294670846394,0.5694603903559128,638,0.9489759252605102,0.8128654970760234,0.8756631299734748,3249,..\reports\report_data\answer_correctness\logreg\full_no_last_pruned_t06\participant_id+TRIAL_INDEX\model_summary.csv
full_no_last_pruned_t05_aic,logreg,trial_level_log_reg,0.7946884548995543,0.7947002829945974,0.7128774734466188,0.815836199099521,3887,11,area_dwell_proportion__correct | num_label_visits__wrong_mean | num_label_visits__contrast | mean_first_fixation_duration__wrong_mean | num_label_visits__distance_furthest | has_xyx | mean_max_fix_pupil_size_z__wrong_mean | skip_rate__distance_closest | mean_max_fix_pupil_size_z__contrast | mean_avg_fix_pupil_size_z__distance_furthest | has_xyxy,..\reports\report_data\answer_correctness\logreg\full_no_last_pruned_t05_aic\participant_id+TRIAL_INDEX,3249,638,0.6917854346320417,0.7946884548995543,0.8663862592419396,0.7947002829945974,0.8632673086775675,0.966053963324694,0.4318568994889267,0.7946708463949843,0.5596026490066225,638,0.9517139697751568,0.7947060634041243,0.8661522978866152,3249,..\reports\report_data\answer_correctness\logreg\full_no_last_pruned_t05_aic\participant_id+TRIAL_INDEX\model_summary.csv
full_no_last_pruned_t05,logreg,trial_level_log_reg,0.7928275013001348,0.7926421404682275,0.7106649718027545,0.8141170681708307,3887,13,area_dwell_proportion__correct | mean_first_fixation_duration__wrong_mean | mean_max_fix_pupil_size_z__wrong_mean | num_label_visits__wrong_mean | mean_max_fix_pupil_size_z__contrast | num_label_visits__contrast | mean_avg_fix_pupil_size_z__distance_furthest | num_label_visits__distance_furthest | skip_rate__distance_closest | mean_min_fix_pupil_size_z__distance_closest | first_encounter_avg_pupil_size_z__distance_closest | has_xyx | has_xyxy,..\reports\report_data\answer_correctness\logreg\full_no_last_pruned_t05\participant_id+TRIAL_INDEX,3249,638,0.6900255458228197,0.7928275013001348,0.8654884984221384,0.7926421404682275,0.8634125185371724,0.9661585833469324,0.4288135593220339,0.7931034482758621,0.5566556655665567,638,0.9512375323236054,0.7925515543244075,0.8646742780389524,3249,..\reports\report_data\answer_correctness\logreg\full_no_last_pruned_t05\participant_id+TRIAL_INDEX\model_summary.csv
selected_no_last,logreg,trial_level_log_reg,0.792730533918804,0.7882685875996913,0.707341517339072,0.8107175351719864,3887,8,skip_rate__correct | area_dwell_proportion__correct | num_label_visits__correct | skip_rate__wrong_mean | area_dwell_proportion__wrong_mean | num_label_visits__wrong_mean | seq_len | has_xyx,..\reports\report_data\answer_correctness\logreg\selected_no_last\participant_id+TRIAL_INDEX,3249,638,0.6877554682979506,0.792730533918804,0.8654397976797006,0.7882685875996913,0.8619809229943913,0.9652035405324392,0.4232365145228215,0.799373040752351,0.5534454693434617,638,0.9522744220730798,0.786088027085257,0.8612375653346822,3249,..\reports\report_data\answer_correctness\logreg\selected_no_last\participant_id+TRIAL_INDEX\model_summary.csv
baseline_last_ans,logreg,trial_level_log_reg,0.792059722258404,0.7229225623874453,0.6603834245524598,0.7582789214872004,3887,4,last_visited_answer_A | last_visited_answer_B | last_visited_answer_C | last_visited_answer_D,..\reports\report_data\answer_correctness\logreg\baseline_last_ans\participant_id+TRIAL_INDEX,3249,638,0.6660545901487361,0.792059722258404,0.8708577287904876,0.7229225623874453,0.8184413627149323,0.9447145263978202,0.3611638203668564,0.8949843260188087,0.5146462370437134,638,0.9709453599306158,0.6891351184979994,0.8061206120612061,3249,..\reports\report_data\answer_correctness\logreg\baseline_last_ans\participant_id+TRIAL_INDEX\model_summary.csv
full_no_last_pruned_t07,logreg,trial_level_log_reg,0.7901659637737583,0.8029328531000772,0.7175638398785809,0.8218682355366655,3887,22,skip_rate__correct | area_dwell_proportion__correct | first_encounter_avg_pupil_size_z__correct | mean_first_fixation_duration__wrong_mean | mean_max_fix_pupil_size_z__wrong_mean | num_label_visits__wrong_mean | mean_fixations_count__contrast | skip_rate__contrast | mean_max_fix_pupil_size_z__contrast | num_label_visits__contrast | mean_fixations_count__distance_furthest | skip_rate__distance_furthest | area_dwell_proportion__distance_furthest | mean_avg_fix_pupil_size_z__distance_furthest | first_encounter_avg_pupil_size_z__distance_furthest | num_label_visits__distance_furthest | skip_rate__distance_closest | mean_min_fix_pupil_size_z__distance_closest | first_encounter_avg_pupil_size_z__distance_closest | num_label_visits__distance_closest | has_xyx | has_xyxy,..\reports\report_data\answer_correctness\logreg\full_no_last_pruned_t07\participant_id+TRIAL_INDEX,3249,638,0.6949167152764275,0.7901659637737583,0.8645078973916105,0.8029328531000772,0.8696888649606196,0.968498545907778,0.4424460431654676,0.7711598746081505,0.5622857142857143,638,0.9473873873873874,0.809172052939366,0.8728419654714475,3249,..\reports\report_data\answer_correctness\logreg\full_no_last_pruned_t07\participant_id+TRIAL_INDEX\model_summary.csv
full_no_last_pruned_t07_aic,logreg,trial_level_log_reg,0.7876894361515624,0.7998456393105222,0.7142948650119418,0.8193127642566965,3887,18,area_dwell_proportion__correct | num_label_visits__wrong_mean | num_label_visits__contrast | mean_first_fixation_duration__wrong_mean | num_label_visits__distance_furthest | num_label_visits__distance_closest | has_xyx | skip_rate__contrast | mean_max_fix_pupil_size_z__wrong_mean | area_dwell_proportion__distance_furthest | skip_rate__distance_closest | first_encounter_avg_pupil_size_z__correct | mean_avg_fix_pupil_size_z__distance_furthest | mean_fixations_count__contrast | mean_fixations_count__distance_furthest | mean_max_fix_pupil_size_z__contrast | mean_min_fix_pupil_size_z__distance_closest | first_encounter_avg_pupil_size_z__distance_closest,..\reports\report_data\answer_correctness\logreg\full_no_last_pruned_t07_aic\participant_id+TRIAL_INDEX,3249,638,0.6922234256188091,0.7876894361515624,0.8632530056243253,0.7998456393105222,0.86925227053224,0.9683287427257344,0.4376114081996435,0.7695924764890282,0.5579545454545455,638,0.9468354430379748,0.8057863958140966,0.8706351845693382,3249,..\reports\report_data\answer_correctness\logreg\full_no_last_pruned_t07_aic\participant_id+TRIAL_INDEX\model_summary.csv
baseline_last_confirm,logreg,trial_level_log_reg,0.7820513377156801,0.7293542577823514,0.661821098944722,0.7633346727645552,3887,5,last_before_confirm_answer_A | last_before_confirm_answer_B | last_before_confirm_answer_C | last_before_confirm_answer_D | last_before_confirm_question,..\reports\report_data\answer_correctness\logreg\baseline_last_confirm\participant_id+TRIAL_INDEX,3249,638,0.6628107769423559,0.7820513377156801,0.8641375770272092,0.7293542577823514,0.8176747897351585,0.9442139620355224,0.3630952380952381,0.8605015673981191,0.5106976744186047,638,0.9625263157894736,0.703601108033241,0.8129445234708392,3249,..\reports\report_data\answer_correctness\logreg\baseline_last_confirm\participant_id+TRIAL_INDEX\model_summary.csv
baseline_last_select,logreg,trial_level_log_reg,0.7737917430103884,0.6776434268073064,0.6243553166166788,0.7193930595864387,3887,5,last_before_select_answer_A | last_before_select_answer_B | last_before_select_answer_C | last_before_select_answer_D | last_before_select_question,..\reports\report_data\answer_correctness\logreg\baseline_last_select\participant_id+TRIAL_INDEX,3249,638,0.6512585053050716,0.7737917430103884,0.8685803666373589,0.6776434268073064,0.8005711427002858,0.9417937639093796,0.3277310924369748,0.9169278996865204,0.4828724721419727,638,0.9747859181731684,0.6306555863342567,0.7658381610913848,3249,..\reports\report_data\answer_correctness\logreg\baseline_last_select\participant_id+TRIAL_INDEX\model_summary.csv
second_selected_no_last,logreg,trial_level_log_reg,0.7338525188845181,0.7193208129662979,0.6391660699873942,0.7534040797679169,3887,4,area_dwell_proportion__correct | area_dwell_proportion__distance_closest | num_label_visits__correct | num_label_visits__distance_closest,..\reports\report_data\answer_correctness\logreg\second_selected_no_last\participant_id+TRIAL_INDEX,3249,638,0.6384986814248041,0.7338525188845181,0.8389037958168654,0.7193208129662979,0.8002587726534617,0.9491116754373776,0.3401552575864502,0.7554858934169278,0.4690997566909975,638,0.936842105263158,0.7122191443521083,0.8092323832837909,3249,..\reports\report_data\answer_correctness\logreg\second_selected_no_last\participant_id+TRIAL_INDEX\model_summary.csv
sequence_only,logreg,trial_level_log_reg,0.6574636902987271,0.7211216876768716,0.6084662200888645,0.7495422037206567,3887,4,seq_len | has_xyx | has_xyxy | trial_mean_dwell,..\reports\report_data\answer_correctness\logreg\sequence_only\participant_id+TRIAL_INDEX,3249,638,0.6029793612512984,0.6574636902987271,0.8008431292417871,0.7211216876768716,0.6867724431245302,0.8978874444958208,0.3084192439862543,0.5626959247648903,0.3984461709211986,638,0.8975394785163423,0.7522314558325639,0.8184862692565305,3249,..\reports\report_data\answer_correctness\logreg\sequence_only\participant_id+TRIAL_INDEX\model_summary.csv
